{"stats":{"minecraft:crafted":{"minecraft:oak_planks":48,"iceandfire:silver_nugget":9,"minecraft:crafting_table":2,"minecraft:spruce_planks":28,"iceandfire:armor_silver_metal_helmet":1,"minecraft:stick":32,"minecraft:dark_oak_planks":32,"minecraft:torch":64},"minecraft:dropped":{"minecraft:iron_ingot":10,"minecraft:cooked_beef":10,"minecraft:stone_sword":3,"minecraft:iron_helmet":2,"minecraft:rotten_flesh":1,"minecraft:apple":1,"minecraft:coal":25,"minecraft:chainmail_chestplate":1,"minecraft:filled_map":1,"minecraft:torch":18,"minecraft:spruce_planks":34,"minecraft:dark_oak_wood":1,"iceandfire:silver_ingot":1,"epicfight:iron_greatsword":1,"minecraft:chainmail_boots":1,"iceandfire:bestiary":2,"minecraft:leather_leggings":1,"minecraft:iron_leggings":1,"minecraft:iron_axe":2,"minecraft:stone_pickaxe":1,"minecraft:chainmail_leggings":1,"minecraft:dark_oak_planks":6},"minecraft:picked_up":{"minecraft:ladder":11,"minecraft:leather_leggings":1,"minecraft:leather":5,"minecraft:oak_log":12,"minecraft:chainmail_chestplate":1,"minecraft:yellow_bed":1,"minecraft:shield":1,"iceandfire:manuscript":3,"minecraft:iron_axe":2,"minecraft:iron_leggings":1,"minecraft:bone":8,"minecraft:apple":4,"minecraft:stone_bricks":1,"iceandfire:bestiary":1,"minecraft:spruce_planks":10,"minecraft:beef":4,"minecraft:stone_pickaxe":2,"minecraft:iron_ore":10,"minecraft:ender_eye":1,"alexsmobs:raccoon_tail":4,"minecraft:melon_slice":10,"minecraft:book":57,"minecraft:stick":1,"minecraft:torch":2,"minecraft:porkchop":1,"minecraft:spruce_sapling":1,"minecraft:granite_slab":14,"minecraft:ink_sac":2,"minecraft:diorite":2,"minecraft:spruce_log":7,"minecraft:dark_oak_log":8,"alexsmobs:animal_dictionary":1,"minecraft:dark_oak_planks":12,"iceandfire:silver_ingot":7,"minecraft:polished_andesite":19,"minecraft:stone_sword":4,"minecraft:arrow":20,"minecraft:stone_shovel":1,"minecraft:rotten_flesh":1,"minecraft:stone_axe":1,"minecraft:iron_helmet":1,"minecraft:crossbow":1,"minecraft:brick_stairs":3,"minecraft:oak_sapling":2,"minecraft:iron_bars":2,"minecraft:dark_oak_wood":2,"minecraft:coal":50,"minecraft:cobblestone":32},"minecraft:mined":{"minecraft:spruce_planks":3,"minecraft:dark_oak_log":8,"minecraft:torch":1,"minecraft:ladder":4,"minecraft:dark_oak_wood":1,"minecraft:melon":2,"minecraft:brick_stairs":3,"minecraft:andesite_slab":3,"minecraft:tall_grass":4,"minecraft:cobblestone":1,"minecraft:spruce_leaves":18,"minecraft:diorite":2,"minecraft:wall_torch":1,"minecraft:spawner":2,"minecraft:iron_ore":10,"minecraft:spruce_log":7,"minecraft:birch_leaves":3,"minecraft:granite_slab":4,"minecraft:grass":1,"minecraft:coal_ore":52,"minecraft:bookshelf":21,"minecraft:oak_log":12,"minecraft:iron_bars":2,"minecraft:polished_andesite":7,"minecraft:stone":31,"minecraft:oak_leaves":21},"minecraft:custom":{"minecraft:mob_kills":48,"minecraft:interact_with_crafting_table":4,"minecraft:open_barrel":7,"minecraft:play_one_minute":183617,"minecraft:bell_ring":1,"minecraft:leave_game":8,"minecraft:time_since_death":1582,"minecraft:climb_one_cm":13823,"minecraft:time_since_rest":1718,"minecraft:sprint_one_cm":108327,"minecraft:damage_taken":3945,"minecraft:walk_one_cm":507385,"minecraft:drop":44,"minecraft:damage_dealt":879,"minecraft:damage_dealt_absorbed":382,"minecraft:player_kills":3,"minecraft:swim_one_cm":1643,"minecraft:fly_one_cm":400732,"minecraft:talked_to_villager":4,"minecraft:open_chest":14,"minecraft:crouch_one_cm":5818,"minecraft:deaths":25,"minecraft:sneak_time":2932,"minecraft:walk_under_water_one_cm":1688,"minecraft:jump":1073,"minecraft:walk_on_water_one_cm":8062,"minecraft:fall_one_cm":25066},"minecraft:killed":{"minecraft:pig":1,"alexsmobs:raccoon":9,"minecraft:squid":1,"minecraft:creeper":1,"minecraft:phantom":6,"minecraft:horse":2,"minecraft:skeleton":16,"minecraft:pillager":4,"minecraft:zombie":3,"minecraft:cow":2},"minecraft:killed_by":{"alexsmobs:raccoon":2,"mowziesmobs:ferrous_wroughtnaut":8,"minecraft:player":2,"alexsmobs:crocodile":1,"minecraft:skeleton":7,"minecraft:pillager":1,"mowziesmobs:frostmaw":1},"minecraft:used":{"minecraft:stone_sword":63,"minecraft:stone_pickaxe":128,"minecraft:polished_andesite":11,"minecraft:ladder":4,"minecraft:shield":4,"magistuarmory:iron_stylet":11,"epicfight:katana":52,"mowziesmobs:foliaath_spawn_egg":1,"minecraft:torch":21,"mowziesmobs:frostmaw_spawn_egg":1,"minecraft:crafting_table":2,"mowziesmobs:wroughtnaut_spawn_egg":3,"mowziesmobs:grottol_spawn_egg":1,"magistuarmory:longbow":59,"minecraft:apple":4,"mutantbeasts:mutant_skeleton_spawn_egg":5,"minecraft:iron_axe":37,"mowziesmobs:barako_spawn_egg":1,"minecraft:stone_axe":15,"mutantbeasts:mutant_snow_golem_spawn_egg":5,"minecraft:granite_slab":13,"minecraft:cobblestone":32,"minecraft:beef":4,"minecraft:cooked_beef":22,"mowziesmobs:barakoa_spawn_egg":5}},"DataVersion":2586}