{"stats":{"minecraft:crafted":{"minecraft:oak_planks":28,"minecraft:dark_oak_planks":32},"minecraft:custom":{"minecraft:time_since_rest":28244,"minecraft:sprint_one_cm":53483,"minecraft:damage_taken":405,"minecraft:walk_one_cm":199170,"minecraft:mob_kills":20,"minecraft:drop":5,"minecraft:damage_dealt":510,"minecraft:swim_one_cm":915,"minecraft:damage_dealt_absorbed":153,"minecraft:interact_with_crafting_table":1,"minecraft:fly_one_cm":231725,"minecraft:open_barrel":3,"minecraft:open_chest":5,"minecraft:crouch_one_cm":2309,"minecraft:play_one_minute":69476,"minecraft:deaths":5,"minecraft:sneak_time":1019,"minecraft:walk_under_water_one_cm":1454,"minecraft:jump":403,"minecraft:leave_game":4,"minecraft:walk_on_water_one_cm":3790,"minecraft:time_since_death":27960,"minecraft:climb_one_cm":998,"minecraft:fall_one_cm":2820},"minecraft:dropped":{"minecraft:stone_sword":3,"minecraft:iron_axe":1,"minecraft:stone_pickaxe":1},"minecraft:killed":{"minecraft:horse":2,"minecraft:skeleton":2,"minecraft:pillager":4,"minecraft:zombie":1,"alexsmobs:raccoon":9,"minecraft:creeper":1,"minecraft:squid":1},"minecraft:killed_by":{"alexsmobs:raccoon":2,"mowziesmobs:frostmaw":1,"minecraft:skeleton":1,"minecraft:pillager":1},"minecraft:mined":{"minecraft:iron_ore":10,"minecraft:dark_oak_log":8,"minecraft:torch":1,"minecraft:grass":1,"minecraft:coal_ore":52,"minecraft:oak_log":7,"minecraft:tall_grass":4,"minecraft:stone":31,"minecraft:diorite":2},"minecraft:used":{"minecraft:stone_sword":63,"mutantbeasts:mutant_skeleton_spawn_egg":5,"minecraft:stone_pickaxe":95,"mowziesmobs:barako_spawn_egg":1,"epicfight:katana":6,"mutantbeasts:mutant_snow_golem_spawn_egg":5,"minecraft:stone_axe":15,"mowziesmobs:foliaath_spawn_egg":1,"minecraft:torch":2,"mowziesmobs:frostmaw_spawn_egg":1,"mowziesmobs:wroughtnaut_spawn_egg":1,"mowziesmobs:grottol_spawn_egg":1,"minecraft:cooked_beef":4,"mowziesmobs:barakoa_spawn_egg":5},"minecraft:picked_up":{"minecraft:leather":2,"minecraft:oak_log":7,"minecraft:ink_sac":2,"minecraft:diorite":2,"minecraft:dark_oak_log":8,"alexsmobs:animal_dictionary":1,"minecraft:iron_axe":1,"minecraft:stone_sword":4,"minecraft:arrow":4,"minecraft:stone_shovel":1,"minecraft:stone_axe":1,"minecraft:crossbow":1,"minecraft:stone_pickaxe":2,"minecraft:iron_ore":10,"alexsmobs:raccoon_tail":4,"minecraft:coal":50,"minecraft:cobblestone":31}},"DataVersion":2586}