{"stats":{"minecraft:crafted":{"minecraft:oak_planks":48,"minecraft:crafting_table":1,"minecraft:spruce_planks":28,"minecraft:stick":32,"minecraft:dark_oak_planks":32,"minecraft:torch":64},"minecraft:custom":{"minecraft:mob_kills":24,"minecraft:interact_with_crafting_table":2,"minecraft:open_barrel":3,"minecraft:play_one_minute":104243,"minecraft:bell_ring":1,"minecraft:leave_game":5,"minecraft:time_since_death":0,"minecraft:climb_one_cm":2583,"minecraft:time_since_rest":5313,"minecraft:sprint_one_cm":91841,"minecraft:damage_taken":612,"minecraft:walk_one_cm":293749,"minecraft:drop":35,"minecraft:damage_dealt":510,"minecraft:talked_to_villager":4,"minecraft:damage_dealt_absorbed":237,"minecraft:swim_one_cm":915,"minecraft:fly_one_cm":280209,"minecraft:open_chest":7,"minecraft:crouch_one_cm":3427,"minecraft:deaths":7,"minecraft:sneak_time":1553,"minecraft:walk_under_water_one_cm":1612,"minecraft:jump":600,"minecraft:walk_on_water_one_cm":7267,"minecraft:fall_one_cm":3505},"minecraft:dropped":{"minecraft:cooked_beef":10,"minecraft:stone_sword":3,"minecraft:iron_helmet":1,"minecraft:rotten_flesh":1,"minecraft:apple":1,"minecraft:coal":25,"minecraft:chainmail_chestplate":1,"minecraft:filled_map":1,"minecraft:torch":18,"epicfight:iron_greatsword":1,"minecraft:chainmail_boots":1,"minecraft:iron_leggings":1,"minecraft:iron_axe":2,"minecraft:stone_pickaxe":1,"minecraft:chainmail_leggings":1},"minecraft:killed":{"minecraft:pig":1,"alexsmobs:raccoon":9,"minecraft:squid":1,"minecraft:creeper":1,"minecraft:horse":2,"minecraft:skeleton":2,"minecraft:pillager":4,"minecraft:zombie":2,"minecraft:cow":2},"minecraft:killed_by":{"alexsmobs:raccoon":2,"minecraft:player":1,"alexsmobs:crocodile":1,"minecraft:skeleton":1,"minecraft:pillager":1,"mowziesmobs:frostmaw":1},"minecraft:mined":{"minecraft:dark_oak_log":8,"minecraft:torch":1,"minecraft:melon":2,"minecraft:tall_grass":4,"minecraft:spruce_leaves":18,"minecraft:diorite":2,"minecraft:iron_ore":10,"minecraft:spruce_log":7,"minecraft:grass":1,"minecraft:oak_log":12,"minecraft:coal_ore":52,"minecraft:stone":31,"minecraft:oak_leaves":21},"minecraft:used":{"minecraft:stone_sword":63,"minecraft:stone_pickaxe":97,"epicfight:katana":13,"mowziesmobs:foliaath_spawn_egg":1,"minecraft:torch":4,"mowziesmobs:frostmaw_spawn_egg":1,"minecraft:crafting_table":1,"mowziesmobs:wroughtnaut_spawn_egg":1,"mowziesmobs:grottol_spawn_egg":1,"mutantbeasts:mutant_skeleton_spawn_egg":5,"minecraft:iron_axe":14,"mowziesmobs:barako_spawn_egg":1,"mutantbeasts:mutant_snow_golem_spawn_egg":5,"minecraft:stone_axe":15,"minecraft:cooked_beef":8,"mowziesmobs:barakoa_spawn_egg":5},"minecraft:picked_up":{"minecraft:leather":5,"minecraft:oak_log":12,"minecraft:yellow_bed":1,"minecraft:iron_axe":2,"minecraft:beef":4,"minecraft:stone_pickaxe":2,"minecraft:iron_ore":10,"alexsmobs:raccoon_tail":4,"minecraft:melon_slice":10,"minecraft:stick":1,"minecraft:porkchop":1,"minecraft:spruce_sapling":1,"minecraft:ink_sac":2,"minecraft:diorite":2,"minecraft:spruce_log":7,"minecraft:dark_oak_log":8,"alexsmobs:animal_dictionary":1,"minecraft:stone_sword":4,"minecraft:arrow":4,"minecraft:rotten_flesh":1,"minecraft:stone_shovel":1,"minecraft:stone_axe":1,"minecraft:crossbow":1,"minecraft:oak_sapling":2,"minecraft:coal":50,"minecraft:cobblestone":31}},"DataVersion":2586}