{"stats":{"minecraft:mined":{"minecraft:dark_oak_log":8,"minecraft:grass":1,"minecraft:oak_log":7,"minecraft:tall_grass":4},"minecraft:crafted":{"minecraft:oak_planks":28,"minecraft:dark_oak_planks":32},"minecraft:dropped":{"minecraft:stone_sword":1,"minecraft:iron_axe":1,"minecraft:stone_pickaxe":1},"minecraft:used":{"minecraft:stone_sword":43,"mutantbeasts:mutant_skeleton_spawn_egg":5,"mowziesmobs:barako_spawn_egg":1,"mowziesmobs:foliaath_spawn_egg":1,"mutantbeasts:mutant_snow_golem_spawn_egg":5,"minecraft:stone_axe":15,"mowziesmobs:frostmaw_spawn_egg":1,"mowziesmobs:wroughtnaut_spawn_egg":1,"mowziesmobs:grottol_spawn_egg":1,"mowziesmobs:barakoa_spawn_egg":5},"minecraft:custom":{"minecraft:time_since_rest":11454,"minecraft:sprint_one_cm":33041,"minecraft:damage_taken":300,"minecraft:walk_one_cm":90948,"minecraft:mob_kills":11,"minecraft:drop":3,"minecraft:damage_dealt":120,"minecraft:damage_dealt_absorbed":80,"minecraft:fly_one_cm":99227,"minecraft:crouch_one_cm":1868,"minecraft:play_one_minute":27705,"minecraft:deaths":4,"minecraft:sneak_time":544,"minecraft:walk_under_water_one_cm":313,"minecraft:jump":66,"minecraft:leave_game":1,"minecraft:walk_on_water_one_cm":322,"minecraft:time_since_death":10842,"minecraft:fall_one_cm":1231},"minecraft:killed_by":{"alexsmobs:raccoon":2,"mowziesmobs:frostmaw":1,"minecraft:skeleton":1},"minecraft:killed":{"minecraft:horse":2,"minecraft:zombie":1,"alexsmobs:raccoon":7,"minecraft:creeper":1},"minecraft:picked_up":{"minecraft:leather":2,"minecraft:oak_log":7,"minecraft:dark_oak_log":8,"alexsmobs:animal_dictionary":1,"minecraft:iron_axe":1,"minecraft:stone_sword":2,"minecraft:stone_shovel":1,"minecraft:stone_axe":1,"minecraft:stone_pickaxe":2,"alexsmobs:raccoon_tail":3}},"DataVersion":2586}