{"stats":{"minecraft:crafted":{"minecraft:oak_planks":28,"minecraft:dark_oak_planks":32},"minecraft:picked_up":{"minecraft:iron_axe":1,"minecraft:stone_sword":2,"minecraft:stone_shovel":1,"minecraft:stone_axe":1,"minecraft:stone_pickaxe":2,"minecraft:oak_log":7,"alexsmobs:raccoon_tail":3,"minecraft:dark_oak_log":8,"alexsmobs:animal_dictionary":1},"minecraft:custom":{"minecraft:time_since_rest":292,"minecraft:crouch_one_cm":1209,"minecraft:play_one_minute":16543,"minecraft:walk_one_cm":55450,"minecraft:sprint_one_cm":26675,"minecraft:damage_taken":300,"minecraft:deaths":4,"minecraft:sneak_time":238,"minecraft:mob_kills":8,"minecraft:drop":3,"minecraft:jump":50,"minecraft:damage_dealt":100,"minecraft:walk_on_water_one_cm":115,"minecraft:time_since_death":0,"minecraft:damage_dealt_absorbed":20,"minecraft:fall_one_cm":1231,"minecraft:fly_one_cm":14962},"minecraft:killed":{"alexsmobs:raccoon":7,"minecraft:horse":1},"minecraft:dropped":{"minecraft:iron_axe":1,"minecraft:stone_pickaxe":1,"minecraft:stone_sword":1},"minecraft:killed_by":{"alexsmobs:raccoon":2,"minecraft:skeleton":1,"mowziesmobs:frostmaw":1},"minecraft:mined":{"minecraft:grass":1,"minecraft:oak_log":7,"minecraft:tall_grass":4,"minecraft:dark_oak_log":8},"minecraft:used":{"minecraft:stone_axe":15,"minecraft:stone_sword":23,"mowziesmobs:frostmaw_spawn_egg":1,"mowziesmobs:foliaath_spawn_egg":1}},"DataVersion":2586}