{"stats":{"minecraft:crafted":{"minecraft:oak_planks":48,"minecraft:crafting_table":1,"minecraft:spruce_planks":28,"minecraft:stick":32,"minecraft:dark_oak_planks":32,"minecraft:torch":64},"minecraft:custom":{"minecraft:mob_kills":20,"minecraft:interact_with_crafting_table":2,"minecraft:open_barrel":3,"minecraft:play_one_minute":81476,"minecraft:leave_game":4,"minecraft:time_since_death":39960,"minecraft:climb_one_cm":998,"minecraft:time_since_rest":40244,"minecraft:sprint_one_cm":57236,"minecraft:damage_taken":405,"minecraft:walk_one_cm":220216,"minecraft:drop":34,"minecraft:damage_dealt":510,"minecraft:damage_dealt_absorbed":153,"minecraft:swim_one_cm":915,"minecraft:fly_one_cm":234695,"minecraft:open_chest":5,"minecraft:crouch_one_cm":3018,"minecraft:deaths":5,"minecraft:sneak_time":1443,"minecraft:walk_under_water_one_cm":1612,"minecraft:jump":445,"minecraft:walk_on_water_one_cm":4982,"minecraft:fall_one_cm":2820},"minecraft:dropped":{"minecraft:cooked_beef":10,"minecraft:stone_sword":3,"minecraft:iron_helmet":1,"minecraft:apple":1,"minecraft:coal":25,"minecraft:chainmail_chestplate":1,"minecraft:filled_map":1,"minecraft:torch":18,"epicfight:iron_greatsword":1,"minecraft:chainmail_boots":1,"minecraft:iron_leggings":1,"minecraft:iron_axe":2,"minecraft:stone_pickaxe":1,"minecraft:chainmail_leggings":1},"minecraft:killed":{"alexsmobs:raccoon":9,"minecraft:squid":1,"minecraft:creeper":1,"minecraft:horse":2,"minecraft:skeleton":2,"minecraft:pillager":4,"minecraft:zombie":1},"minecraft:killed_by":{"alexsmobs:raccoon":2,"minecraft:skeleton":1,"minecraft:pillager":1,"mowziesmobs:frostmaw":1},"minecraft:mined":{"minecraft:dark_oak_log":8,"minecraft:torch":1,"minecraft:tall_grass":4,"minecraft:spruce_leaves":18,"minecraft:diorite":2,"minecraft:iron_ore":10,"minecraft:spruce_log":7,"minecraft:grass":1,"minecraft:oak_log":12,"minecraft:coal_ore":52,"minecraft:stone":31,"minecraft:oak_leaves":21},"minecraft:used":{"minecraft:stone_sword":63,"minecraft:stone_pickaxe":95,"epicfight:katana":6,"mowziesmobs:foliaath_spawn_egg":1,"minecraft:torch":2,"mowziesmobs:frostmaw_spawn_egg":1,"minecraft:crafting_table":1,"mowziesmobs:wroughtnaut_spawn_egg":1,"mowziesmobs:grottol_spawn_egg":1,"mutantbeasts:mutant_skeleton_spawn_egg":5,"minecraft:iron_axe":14,"mowziesmobs:barako_spawn_egg":1,"mutantbeasts:mutant_snow_golem_spawn_egg":5,"minecraft:stone_axe":15,"minecraft:cooked_beef":6,"mowziesmobs:barakoa_spawn_egg":5},"minecraft:picked_up":{"minecraft:leather":2,"minecraft:oak_log":12,"minecraft:iron_axe":2,"minecraft:stone_pickaxe":2,"minecraft:iron_ore":10,"alexsmobs:raccoon_tail":4,"minecraft:spruce_sapling":1,"minecraft:ink_sac":2,"minecraft:diorite":2,"minecraft:spruce_log":7,"minecraft:dark_oak_log":8,"alexsmobs:animal_dictionary":1,"minecraft:stone_sword":4,"minecraft:arrow":4,"minecraft:stone_shovel":1,"minecraft:stone_axe":1,"minecraft:crossbow":1,"minecraft:oak_sapling":1,"minecraft:coal":50,"minecraft:cobblestone":31}},"DataVersion":2586}