{"stats":{"minecraft:crafted":{"minecraft:oak_planks":28,"minecraft:dark_oak_planks":32},"minecraft:picked_up":{"minecraft:stone_sword":1,"minecraft:stone_shovel":1,"minecraft:stone_axe":1,"minecraft:stone_pickaxe":1,"minecraft:oak_log":7,"alexsmobs:raccoon_tail":2,"minecraft:dark_oak_log":8,"alexsmobs:animal_dictionary":1},"minecraft:custom":{"minecraft:time_since_rest":3962,"minecraft:crouch_one_cm":296,"minecraft:play_one_minute":4543,"minecraft:walk_one_cm":20627,"minecraft:sprint_one_cm":2868,"minecraft:damage_taken":60,"minecraft:deaths":1,"minecraft:sneak_time":48,"minecraft:mob_kills":2,"minecraft:jump":19,"minecraft:damage_dealt":50,"minecraft:walk_on_water_one_cm":115,"minecraft:time_since_death":3830,"minecraft:fall_one_cm":478,"minecraft:fly_one_cm":806},"minecraft:killed":{"alexsmobs:raccoon":2},"minecraft:killed_by":{"alexsmobs:raccoon":1},"minecraft:mined":{"minecraft:grass":1,"minecraft:oak_log":7,"minecraft:tall_grass":3,"minecraft:dark_oak_log":8},"minecraft:used":{"minecraft:stone_axe":15,"minecraft:stone_sword":8}},"DataVersion":2586}