{"stats":{"minecraft:crafted":{"minecraft:oak_planks":28,"minecraft:dark_oak_planks":32},"minecraft:picked_up":{"minecraft:leather":2,"minecraft:oak_log":7,"minecraft:dark_oak_log":8,"alexsmobs:animal_dictionary":1,"minecraft:iron_axe":1,"minecraft:stone_sword":2,"minecraft:stone_shovel":1,"minecraft:stone_axe":1,"minecraft:stone_pickaxe":2,"alexsmobs:raccoon_tail":3},"minecraft:custom":{"minecraft:time_since_rest":5635,"minecraft:sprint_one_cm":31223,"minecraft:damage_taken":300,"minecraft:walk_one_cm":68937,"minecraft:mob_kills":9,"minecraft:drop":3,"minecraft:damage_dealt":120,"minecraft:damage_dealt_absorbed":80,"minecraft:fly_one_cm":32975,"minecraft:play_one_minute":21886,"minecraft:crouch_one_cm":1459,"minecraft:deaths":4,"minecraft:sneak_time":357,"minecraft:jump":57,"minecraft:leave_game":1,"minecraft:time_since_death":5023,"minecraft:walk_on_water_one_cm":115,"minecraft:fall_one_cm":1231},"minecraft:killed":{"minecraft:horse":2,"alexsmobs:raccoon":7},"minecraft:mined":{"minecraft:dark_oak_log":8,"minecraft:grass":1,"minecraft:oak_log":7,"minecraft:tall_grass":4},"minecraft:dropped":{"minecraft:stone_sword":1,"minecraft:iron_axe":1,"minecraft:stone_pickaxe":1},"minecraft:killed_by":{"alexsmobs:raccoon":2,"mowziesmobs:frostmaw":1,"minecraft:skeleton":1},"minecraft:used":{"minecraft:stone_sword":34,"mutantbeasts:mutant_skeleton_spawn_egg":5,"mowziesmobs:barako_spawn_egg":1,"mutantbeasts:mutant_snow_golem_spawn_egg":5,"mowziesmobs:foliaath_spawn_egg":1,"minecraft:stone_axe":15,"mowziesmobs:frostmaw_spawn_egg":1,"mowziesmobs:wroughtnaut_spawn_egg":1,"mowziesmobs:grottol_spawn_egg":1,"mowziesmobs:barakoa_spawn_egg":5}},"DataVersion":2586}