{"stats":{"minecraft:mined":{"minecraft:dark_oak_log":8,"minecraft:grass":1,"minecraft:oak_log":7,"minecraft:tall_grass":4},"minecraft:crafted":{"minecraft:oak_planks":28,"minecraft:dark_oak_planks":32},"minecraft:dropped":{"minecraft:stone_sword":2,"minecraft:iron_axe":1,"minecraft:stone_pickaxe":1},"minecraft:used":{"minecraft:stone_sword":47,"mutantbeasts:mutant_skeleton_spawn_egg":5,"mowziesmobs:barako_spawn_egg":1,"mutantbeasts:mutant_snow_golem_spawn_egg":5,"minecraft:stone_axe":15,"mowziesmobs:foliaath_spawn_egg":1,"mowziesmobs:frostmaw_spawn_egg":1,"mowziesmobs:wroughtnaut_spawn_egg":1,"mowziesmobs:grottol_spawn_egg":1,"mowziesmobs:barakoa_spawn_egg":5},"minecraft:custom":{"minecraft:time_since_rest":81,"minecraft:sprint_one_cm":42538,"minecraft:damage_taken":369,"minecraft:walk_one_cm":125010,"minecraft:mob_kills":13,"minecraft:drop":4,"minecraft:damage_dealt":210,"minecraft:damage_dealt_absorbed":80,"minecraft:fly_one_cm":145743,"minecraft:open_barrel":3,"minecraft:open_chest":5,"minecraft:crouch_one_cm":2069,"minecraft:play_one_minute":41313,"minecraft:deaths":5,"minecraft:sneak_time":884,"minecraft:walk_under_water_one_cm":313,"minecraft:jump":226,"minecraft:leave_game":3,"minecraft:walk_on_water_one_cm":322,"minecraft:time_since_death":0,"minecraft:climb_one_cm":264,"minecraft:fall_one_cm":1231},"minecraft:killed_by":{"alexsmobs:raccoon":2,"mowziesmobs:frostmaw":1,"minecraft:skeleton":1,"minecraft:pillager":1},"minecraft:killed":{"minecraft:horse":2,"minecraft:zombie":1,"alexsmobs:raccoon":9,"minecraft:creeper":1},"minecraft:picked_up":{"minecraft:leather":2,"minecraft:oak_log":7,"minecraft:dark_oak_log":8,"alexsmobs:animal_dictionary":1,"minecraft:iron_axe":1,"minecraft:stone_sword":3,"minecraft:stone_shovel":1,"minecraft:stone_axe":1,"minecraft:stone_pickaxe":2,"alexsmobs:raccoon_tail":4}},"DataVersion":2586}