{"stats":{"minecraft:crafted":{"minecraft:oak_planks":28,"minecraft:crafting_table":1,"minecraft:gold_nugget":18,"minecraft:iron_axe":1,"minecraft:stick":8,"minecraft:gold_ingot":2},"minecraft:custom":{"minecraft:mob_kills":3,"minecraft:interact_with_crafting_table":9,"minecraft:open_barrel":4,"minecraft:play_one_minute":31685,"minecraft:leave_game":1,"minecraft:time_since_death":28529,"minecraft:sleep_in_bed":1,"minecraft:climb_one_cm":1538,"minecraft:time_since_rest":12746,"minecraft:sprint_one_cm":56335,"minecraft:damage_taken":114,"minecraft:walk_one_cm":55509,"minecraft:drop":1,"minecraft:damage_dealt":1260,"minecraft:talked_to_villager":4,"minecraft:fly_one_cm":38824,"minecraft:player_kills":1,"minecraft:open_chest":17,"minecraft:crouch_one_cm":385,"minecraft:deaths":1,"minecraft:sneak_time":182,"minecraft:walk_under_water_one_cm":2325,"minecraft:jump":205,"minecraft:walk_on_water_one_cm":2862,"minecraft:fall_one_cm":4072},"minecraft:dropped":{"minecraft:yellow_bed":1},"minecraft:killed":{"minecraft:iron_golem":1,"minecraft:pillager":1,"alexsmobs:crocodile":1},"minecraft:mined":{"iceandfire:copper_pile":2,"minecraft:crafting_table":1,"minecraft:torch":1,"minecraft:grass_block":3,"minecraft:chest":1,"iceandfire:lectern":2,"minecraft:wall_torch":1,"minecraft:hay_block":8,"minecraft:cyan_wool":2,"minecraft:carrots":12,"minecraft:wheat":10,"minecraft:yellow_bed":3,"minecraft:grass":1,"minecraft:bookshelf":4,"minecraft:potatoes":3,"minecraft:oak_log":7,"iceandfire:silver_pile":3,"iceandfire:gold_pile":3,"minecraft:beetroots":1,"minecraft:dirt":3},"minecraft:used":{"iceandfire:lectern":1,"minecraft:stone_sword":2,"minecraft:stone_shovel":6,"minecraft:stone_pickaxe":16,"minecraft:torch":6,"minecraft:dirt":3,"minecraft:crafting_table":2,"epicfight:iron_greatsword":44,"minecraft:stone_axe":16,"minecraft:yellow_bed":1,"minecraft:experience_bottle":1},"minecraft:picked_up":{"minecraft:crafting_table":1,"minecraft:wheat":6,"minecraft:cooked_beef":10,"minecraft:chainmail_boots":1,"minecraft:potato":3,"minecraft:filled_map":1,"minecraft:oak_log":7,"minecraft:chainmail_chestplate":1,"minecraft:lily_pad":1,"minecraft:yellow_bed":3,"minecraft:dirt":6,"minecraft:iron_leggings":1,"minecraft:apple":1,"minecraft:beetroot":1,"epicfight:iron_greatsword":1,"minecraft:wheat_seeds":23,"minecraft:gold_nugget":18,"minecraft:iron_ingot":3,"minecraft:poppy":2,"minecraft:chest":1,"minecraft:book":12,"iceandfire:copper_nugget":14,"minecraft:torch":21,"minecraft:carrot":19,"alexsmobs:crocodile_scute":2,"minecraft:beetroot_seeds":3,"iceandfire:lectern":2,"minecraft:chainmail_leggings":1,"minecraft:iron_helmet":1,"minecraft:hay_block":8,"iceandfire:silver_nugget":10,"minecraft:coal":25}},"DataVersion":2586}