{"stats":{"minecraft:crafted":{"minecraft:oak_planks":28,"minecraft:crafting_table":1,"minecraft:gold_nugget":18,"minecraft:iron_axe":1,"minecraft:stick":8,"minecraft:gold_ingot":2},"minecraft:custom":{"minecraft:interact_with_furnace":2,"minecraft:interact_with_anvil":1,"minecraft:mob_kills":4,"minecraft:interact_with_crafting_table":10,"minecraft:open_barrel":4,"minecraft:play_one_minute":43685,"minecraft:leave_game":1,"minecraft:time_since_death":40529,"minecraft:sleep_in_bed":2,"minecraft:climb_one_cm":1538,"minecraft:time_since_rest":11732,"minecraft:sprint_one_cm":111297,"minecraft:damage_taken":144,"minecraft:walk_one_cm":83370,"minecraft:drop":4,"minecraft:damage_dealt":1350,"minecraft:talked_to_villager":5,"minecraft:fly_one_cm":51848,"minecraft:player_kills":1,"minecraft:open_chest":28,"minecraft:crouch_one_cm":386,"minecraft:deaths":1,"minecraft:sneak_time":269,"minecraft:walk_under_water_one_cm":2325,"minecraft:jump":289,"minecraft:walk_on_water_one_cm":4601,"minecraft:fall_one_cm":5638},"minecraft:dropped":{"minecraft:stick":25,"iceandfire:copper_ingot":7,"minecraft:yellow_bed":1,"minecraft:magma_block":1},"minecraft:killed":{"alexsmobs:raccoon":1,"minecraft:iron_golem":1,"minecraft:pillager":1,"alexsmobs:crocodile":1},"minecraft:mined":{"minecraft:spruce_planks":2,"iceandfire:copper_pile":2,"minecraft:crafting_table":1,"minecraft:torch":1,"minecraft:grass_block":3,"minecraft:chest":1,"iceandfire:lectern":2,"minecraft:damaged_anvil":1,"minecraft:wall_torch":1,"minecraft:hay_block":8,"minecraft:cyan_wool":6,"minecraft:magma_block":1,"minecraft:carrots":12,"minecraft:wheat":10,"minecraft:yellow_bed":3,"minecraft:grass":1,"minecraft:bookshelf":4,"minecraft:potatoes":3,"minecraft:oak_log":7,"iceandfire:silver_pile":3,"iceandfire:gold_pile":3,"minecraft:beetroots":1,"minecraft:dirt":3},"minecraft:used":{"iceandfire:lectern":1,"minecraft:stone_sword":2,"minecraft:stone_shovel":6,"minecraft:stone_pickaxe":16,"minecraft:torch":12,"minecraft:dirt":3,"minecraft:crafting_table":2,"epicfight:iron_greatsword":45,"minecraft:iron_axe":2,"minecraft:iron_pickaxe":6,"minecraft:stone_axe":16,"minecraft:yellow_bed":1,"minecraft:cooked_beef":2,"minecraft:experience_bottle":7},"minecraft:picked_up":{"iceandfire:copper_ingot":7,"minecraft:magma_block":1,"minecraft:crafting_table":1,"minecraft:wheat":6,"minecraft:cooked_beef":10,"minecraft:chainmail_boots":1,"minecraft:potato":3,"minecraft:filled_map":1,"minecraft:oak_log":7,"minecraft:chainmail_chestplate":1,"minecraft:lily_pad":1,"minecraft:yellow_bed":3,"minecraft:dirt":6,"minecraft:iron_leggings":1,"minecraft:apple":1,"minecraft:beetroot":1,"epicfight:iron_greatsword":2,"minecraft:wheat_seeds":23,"minecraft:gold_nugget":18,"minecraft:iron_ingot":3,"minecraft:poppy":2,"minecraft:chest":1,"minecraft:book":12,"minecraft:stick":25,"iceandfire:copper_nugget":14,"minecraft:torch":21,"minecraft:carrot":19,"alexsmobs:crocodile_scute":2,"minecraft:beetroot_seeds":3,"iceandfire:lectern":2,"minecraft:chainmail_leggings":1,"minecraft:iron_helmet":1,"minecraft:hay_block":8,"minecraft:damaged_anvil":1,"iceandfire:silver_nugget":10,"minecraft:coal":25}},"DataVersion":2586}