{"stats":{"minecraft:crafted":{"minecraft:oak_planks":28,"minecraft:crafting_table":1,"minecraft:stick":8},"minecraft:custom":{"minecraft:time_since_rest":746,"minecraft:sprint_one_cm":26102,"minecraft:walk_one_cm":34422,"minecraft:mob_kills":1,"minecraft:drop":1,"minecraft:damage_dealt":299,"minecraft:talked_to_villager":3,"minecraft:interact_with_crafting_table":3,"minecraft:fly_one_cm":16057,"minecraft:open_chest":1,"minecraft:play_one_minute":19685,"minecraft:deaths":1,"minecraft:sneak_time":31,"minecraft:walk_under_water_one_cm":2325,"minecraft:jump":104,"minecraft:leave_game":1,"minecraft:walk_on_water_one_cm":2820,"minecraft:time_since_death":16529,"minecraft:sleep_in_bed":1,"minecraft:climb_one_cm":229,"minecraft:fall_one_cm":1463},"minecraft:dropped":{"minecraft:yellow_bed":1},"minecraft:killed":{"alexsmobs:crocodile":1},"minecraft:mined":{"iceandfire:copper_pile":2,"minecraft:yellow_bed":3,"minecraft:crafting_table":1,"minecraft:grass":1,"minecraft:bookshelf":4,"minecraft:grass_block":3,"minecraft:oak_log":7,"iceandfire:silver_pile":3,"iceandfire:gold_pile":3,"minecraft:chest":1,"iceandfire:lectern":2,"minecraft:wall_torch":1},"minecraft:used":{"iceandfire:lectern":1,"epicfight:iron_greatsword":8,"minecraft:stone_shovel":3,"minecraft:stone_pickaxe":9,"minecraft:stone_axe":15,"minecraft:torch":2,"minecraft:crafting_table":1,"minecraft:yellow_bed":1},"minecraft:picked_up":{"minecraft:book":12,"minecraft:crafting_table":1,"iceandfire:copper_nugget":14,"minecraft:chainmail_boots":1,"minecraft:cooked_beef":10,"minecraft:torch":19,"minecraft:filled_map":1,"minecraft:lily_pad":1,"minecraft:oak_log":7,"minecraft:chainmail_chestplate":1,"minecraft:yellow_bed":3,"minecraft:dirt":3,"alexsmobs:crocodile_scute":2,"minecraft:iron_leggings":1,"minecraft:apple":1,"epicfight:iron_greatsword":1,"iceandfire:lectern":2,"minecraft:wheat_seeds":1,"minecraft:gold_nugget":18,"minecraft:chainmail_leggings":1,"minecraft:iron_helmet":1,"minecraft:chest":1,"iceandfire:silver_nugget":10,"minecraft:coal":25}},"DataVersion":2586}