{"stats":{"minecraft:crafted":{"minecraft:oak_planks":28,"minecraft:crafting_table":1,"minecraft:iron_chestplate":1,"minecraft:gold_nugget":18,"minecraft:shield":2,"minecraft:iron_axe":1,"minecraft:stick":8,"minecraft:iron_leggings":1,"minecraft:gold_ingot":2},"minecraft:custom":{"minecraft:interact_with_furnace":2,"minecraft:interact_with_anvil":6,"minecraft:mob_kills":18,"minecraft:interact_with_crafting_table":17,"minecraft:open_barrel":34,"minecraft:play_one_minute":91685,"minecraft:leave_game":1,"minecraft:time_since_death":8132,"minecraft:sleep_in_bed":3,"minecraft:climb_one_cm":11542,"minecraft:time_since_rest":8269,"minecraft:sprint_one_cm":162654,"minecraft:damage_taken":1231,"minecraft:walk_one_cm":213440,"minecraft:drop":16,"minecraft:damage_dealt":3989,"minecraft:talked_to_villager":5,"minecraft:fly_one_cm":59011,"minecraft:player_kills":1,"minecraft:open_chest":42,"minecraft:crouch_one_cm":1706,"minecraft:deaths":7,"minecraft:sneak_time":725,"minecraft:walk_under_water_one_cm":2325,"minecraft:jump":469,"minecraft:walk_on_water_one_cm":4601,"minecraft:fall_one_cm":12667},"minecraft:dropped":{"minecraft:jukebox":1,"minecraft:birch_sapling":2,"minecraft:iron_helmet":1,"minecraft:apple":4,"minecraft:ender_eye":1,"minecraft:chainmail_chestplate":1,"minecraft:stick":25,"iceandfire:copper_ingot":7,"minecraft:shield":1,"minecraft:dark_oak_wood":1,"iceandfire:silver_ingot":7,"minecraft:yellow_bed":1,"minecraft:gold_nugget":18,"minecraft:magma_block":1,"iceandfire:manuscript":3},"minecraft:killed":{"alexsmobs:raccoon":1,"minecraft:spider":1,"minecraft:iron_golem":1,"minecraft:phantom":6,"minecraft:skeleton":6,"minecraft:pillager":1,"alexsmobs:crocodile":1},"minecraft:killed_by":{"minecraft:player":2,"minecraft:skeleton":3},"minecraft:mined":{"minecraft:dark_oak_planks":12,"minecraft:spruce_planks":11,"iceandfire:copper_pile":2,"minecraft:crafting_table":1,"minecraft:torch":1,"minecraft:dark_oak_wood":1,"minecraft:grass_block":3,"minecraft:chest":1,"minecraft:andesite_slab":1,"iceandfire:lectern":3,"minecraft:damaged_anvil":1,"minecraft:wall_torch":1,"minecraft:spawner":8,"minecraft:hay_block":8,"minecraft:cyan_wool":6,"minecraft:red_terracotta":5,"minecraft:magma_block":1,"minecraft:carrots":12,"minecraft:wheat":10,"minecraft:jukebox":1,"minecraft:birch_leaves":43,"minecraft:granite_slab":8,"minecraft:yellow_bed":3,"minecraft:grass":1,"minecraft:bookshelf":12,"minecraft:potatoes":3,"minecraft:oak_log":7,"iceandfire:silver_pile":3,"iceandfire:gold_pile":3,"minecraft:beetroots":1,"minecraft:dirt":3,"minecraft:stone_bricks":1,"minecraft:polished_andesite":12},"minecraft:used":{"iceandfire:lectern":2,"minecraft:damaged_anvil":1,"minecraft:stone_sword":2,"minecraft:stone_shovel":6,"minecraft:stone_pickaxe":16,"minecraft:ender_pearl":1,"minecraft:spruce_planks":5,"minecraft:chest":1,"minecraft:shield":23,"minecraft:iron_sword":14,"minecraft:torch":17,"minecraft:dirt":3,"minecraft:crafting_table":2,"minecraft:carrot":3,"minecraft:dark_oak_planks":4,"epicfight:iron_greatsword":76,"minecraft:iron_axe":46,"minecraft:bread":11,"minecraft:iron_pickaxe":50,"minecraft:stone_axe":16,"minecraft:yellow_bed":2,"minecraft:cooked_beef":10,"minecraft:experience_bottle":7},"minecraft:picked_up":{"iceandfire:copper_ingot":7,"minecraft:magma_block":1,"minecraft:crafting_table":1,"minecraft:wheat":6,"minecraft:cooked_beef":10,"minecraft:chainmail_boots":1,"minecraft:potato":3,"minecraft:filled_map":1,"minecraft:oak_log":7,"minecraft:chainmail_chestplate":1,"minecraft:lily_pad":1,"minecraft:yellow_bed":3,"minecraft:string":2,"minecraft:dirt":6,"minecraft:iron_leggings":1,"minecraft:bone":8,"minecraft:apple":1,"minecraft:beetroot":1,"epicfight:iron_greatsword":2,"iceandfire:bestiary":2,"minecraft:wheat_seeds":23,"minecraft:gold_nugget":18,"minecraft:spruce_planks":37,"minecraft:iron_ingot":13,"minecraft:poppy":2,"minecraft:chest":1,"minecraft:birch_sapling":2,"minecraft:phantom_membrane":4,"minecraft:book":42,"minecraft:stick":25,"iceandfire:copper_nugget":14,"minecraft:jukebox":1,"minecraft:torch":21,"minecraft:carrot":19,"alexsmobs:crocodile_scute":2,"minecraft:arrow":1,"minecraft:dark_oak_planks":6,"iceandfire:silver_ingot":1,"minecraft:beetroot_seeds":3,"iceandfire:lectern":3,"minecraft:chainmail_leggings":1,"minecraft:iron_helmet":2,"minecraft:hay_block":8,"minecraft:damaged_anvil":1,"minecraft:dark_oak_wood":1,"iceandfire:silver_nugget":10,"minecraft:coal":25}},"DataVersion":2586}