{"stats":{"minecraft:custom":{"minecraft:time_since_rest":4763,"minecraft:play_one_minute":7780,"minecraft:walk_one_cm":7712,"minecraft:sprint_one_cm":2390,"minecraft:deaths":1,"minecraft:sneak_time":27,"minecraft:walk_under_water_one_cm":948,"minecraft:jump":19,"minecraft:time_since_death":4624,"minecraft:walk_on_water_one_cm":864,"minecraft:interact_with_crafting_table":2,"minecraft:fly_one_cm":1161},"minecraft:mined":{"minecraft:oak_log":7},"minecraft:used":{"minecraft:stone_axe":7},"minecraft:picked_up":{"minecraft:iron_leggings":1,"minecraft:chainmail_boots":1,"minecraft:cooked_beef":10,"minecraft:apple":1,"epicfight:iron_greatsword":1,"minecraft:torch":18,"minecraft:chainmail_leggings":1,"minecraft:filled_map":1,"minecraft:iron_helmet":1,"minecraft:oak_log":7,"minecraft:chainmail_chestplate":1,"minecraft:coal":25}},"DataVersion":2586}