{"stats":{"minecraft:crafted":{"minecraft:oak_planks":28,"minecraft:iron_axe":1,"minecraft:crafting_table":1,"minecraft:iron_chestplate":1,"minecraft:gold_nugget":18,"minecraft:shield":2,"minecraft:stick":8,"minecraft:iron_leggings":1,"minecraft:gold_ingot":2},"minecraft:dropped":{"minecraft:gold_ore":1,"minecraft:iron_helmet":1,"minecraft:apple":4,"minecraft:stick":25,"iceandfire:copper_ingot":14,"minecraft:dark_oak_wood":1,"minecraft:potion":1,"minecraft:gold_nugget":18,"minecraft:iron_pickaxe":2,"minecraft:jukebox":1,"minecraft:birch_sapling":2,"iceandfire:silver_ore":1,"minecraft:ender_eye":1,"iceandfire:copper_ore":2,"minecraft:chainmail_chestplate":1,"minecraft:filled_map":1,"minecraft:shield":1,"iceandfire:silver_ingot":7,"minecraft:yellow_bed":1,"iceandfire:bestiary":2,"minecraft:magma_block":1,"iceandfire:manuscript":3},"minecraft:picked_up":{"iceandfire:copper_ingot":7,"minecraft:crafting_table":1,"minecraft:wheat":6,"minecraft:chainmail_boots":1,"iceandfire:copper_ore":2,"minecraft:potion":1,"minecraft:string":2,"minecraft:iron_leggings":1,"minecraft:beetroot":1,"iceandfire:bestiary":4,"minecraft:gold_nugget":18,"minecraft:spruce_planks":40,"minecraft:poppy":2,"minecraft:iron_pickaxe":2,"minecraft:chest":1,"minecraft:birch_sapling":2,"minecraft:phantom_membrane":4,"minecraft:stick":25,"minecraft:jukebox":1,"minecraft:torch":22,"iceandfire:silver_ore":1,"minecraft:carrot":19,"alexsmobs:crocodile_scute":2,"minecraft:dark_oak_planks":6,"iceandfire:silver_ingot":1,"minecraft:arrow":6,"minecraft:beetroot_seeds":3,"minecraft:hay_block":10,"minecraft:enchanting_table":1,"minecraft:magma_block":1,"minecraft:cooked_beef":10,"minecraft:potato":3,"minecraft:filled_map":2,"minecraft:lily_pad":1,"minecraft:chainmail_chestplate":1,"minecraft:oak_log":7,"minecraft:yellow_bed":3,"minecraft:gunpowder":3,"minecraft:dirt":6,"minecraft:bone":9,"minecraft:apple":1,"epicfight:iron_greatsword":2,"minecraft:wheat_seeds":23,"minecraft:iron_ingot":13,"minecraft:iron_ore":1,"minecraft:book":42,"iceandfire:copper_nugget":14,"minecraft:gold_ore":1,"artifacts:golden_hook":1,"iceandfire:lectern":3,"minecraft:chainmail_leggings":1,"minecraft:iron_helmet":2,"minecraft:damaged_anvil":1,"minecraft:dark_oak_wood":1,"iceandfire:silver_nugget":10,"minecraft:coal":25},"minecraft:mined":{"minecraft:dark_oak_planks":12,"minecraft:spruce_planks":14,"iceandfire:silver_ore":1,"iceandfire:copper_pile":2,"minecraft:red_nether_bricks":2,"minecraft:grass_block":3,"iceandfire:lectern":3,"minecraft:spawner":16,"minecraft:hay_block":10,"minecraft:magma_block":1,"minecraft:carrots":12,"iceandfire:copper_ore":1,"minecraft:iron_ore":1,"minecraft:granite_slab":19,"minecraft:enchanting_table":1,"minecraft:bookshelf":12,"minecraft:potatoes":3,"iceandfire:gold_pile":3,"minecraft:oak_stairs":1,"minecraft:iron_bars":4,"minecraft:stone":4,"minecraft:red_wool":1,"minecraft:crafting_table":1,"minecraft:torch":2,"minecraft:dark_oak_wood":1,"minecraft:chest":1,"minecraft:andesite_slab":1,"minecraft:oak_planks":5,"minecraft:damaged_anvil":1,"minecraft:wall_torch":1,"minecraft:cyan_wool":6,"minecraft:red_terracotta":5,"minecraft:wheat":10,"minecraft:jukebox":1,"minecraft:birch_leaves":44,"minecraft:yellow_bed":3,"minecraft:grass":1,"minecraft:oak_log":7,"iceandfire:silver_pile":3,"minecraft:beetroots":1,"minecraft:dirt":3,"minecraft:cracked_stone_bricks":2,"minecraft:polished_andesite":19,"minecraft:stone_bricks":1,"minecraft:mossy_stone_bricks":1,"minecraft:gold_ore":1},"minecraft:custom":{"minecraft:mob_kills":50,"minecraft:interact_with_anvil":6,"minecraft:interact_with_crafting_table":18,"minecraft:open_barrel":37,"minecraft:leave_game":3,"minecraft:time_since_death":9599,"minecraft:climb_one_cm":12226,"minecraft:sprint_one_cm":209540,"minecraft:walk_one_cm":343276,"minecraft:drop":27,"minecraft:talked_to_villager":5,"minecraft:deaths":24,"minecraft:sneak_time":1293,"minecraft:walk_under_water_one_cm":4312,"minecraft:interact_with_lectern":4,"minecraft:jump":699,"minecraft:walk_on_water_one_cm":10050,"minecraft:interact_with_furnace":3,"minecraft:interact_with_cartography_table":2,"minecraft:play_one_minute":136869,"minecraft:sleep_in_bed":3,"minecraft:time_since_rest":9729,"minecraft:damage_taken":3874,"minecraft:damage_dealt":7443,"minecraft:fly_one_cm":76139,"minecraft:player_kills":2,"minecraft:open_chest":57,"minecraft:crouch_one_cm":3820,"minecraft:fall_one_cm":21592},"minecraft:killed":{"alexsmobs:raccoon":1,"minecraft:spider":3,"minecraft:phantom":6,"minecraft:skeleton":12,"artifacts:mimic":1,"minecraft:zombie_villager":1,"minecraft:iron_golem":1,"minecraft:creeper":9,"minecraft:pillager":1,"alexsmobs:crocodile":1,"minecraft:zombie":4},"minecraft:killed_by":{"minecraft:player":3,"minecraft:creeper":3,"mowziesmobs:ferrous_wroughtnaut":12,"minecraft:skeleton":3},"minecraft:used":{"iceandfire:lectern":2,"minecraft:stone_sword":2,"minecraft:stone_shovel":6,"minecraft:shield":23,"minecraft:spruce_planks":28,"minecraft:chest":1,"minecraft:iron_sword":14,"minecraft:torch":22,"minecraft:dirt":3,"minecraft:carrot":3,"minecraft:dark_oak_planks":4,"epicfight:iron_greatsword":155,"minecraft:iron_axe":56,"minecraft:bow":22,"minecraft:hay_block":4,"minecraft:cooked_beef":10,"minecraft:damaged_anvil":1,"minecraft:stone_pickaxe":16,"minecraft:ender_pearl":2,"minecraft:crafting_table":2,"minecraft:bread":33,"minecraft:iron_pickaxe":95,"minecraft:stone_axe":16,"minecraft:yellow_bed":2,"minecraft:experience_bottle":7}},"DataVersion":2586}