{"stats":{"minecraft:crafted":{"minecraft:oak_planks":28,"minecraft:crafting_table":1,"minecraft:iron_chestplate":1,"minecraft:gold_nugget":18,"minecraft:shield":2,"minecraft:iron_axe":1,"minecraft:stick":8,"minecraft:iron_leggings":1,"minecraft:gold_ingot":2},"minecraft:custom":{"minecraft:interact_with_furnace":2,"minecraft:interact_with_anvil":6,"minecraft:mob_kills":13,"minecraft:interact_with_crafting_table":17,"minecraft:open_barrel":31,"minecraft:play_one_minute":79685,"minecraft:leave_game":1,"minecraft:time_since_death":7704,"minecraft:sleep_in_bed":3,"minecraft:climb_one_cm":9980,"minecraft:time_since_rest":7838,"minecraft:sprint_one_cm":148497,"minecraft:damage_taken":872,"minecraft:walk_one_cm":187413,"minecraft:drop":15,"minecraft:damage_dealt":2499,"minecraft:talked_to_villager":5,"minecraft:fly_one_cm":57341,"minecraft:player_kills":1,"minecraft:open_chest":37,"minecraft:crouch_one_cm":1687,"minecraft:deaths":5,"minecraft:sneak_time":696,"minecraft:walk_under_water_one_cm":2325,"minecraft:jump":459,"minecraft:walk_on_water_one_cm":4601,"minecraft:fall_one_cm":11623},"minecraft:dropped":{"minecraft:birch_sapling":2,"minecraft:iron_helmet":1,"minecraft:apple":4,"minecraft:ender_eye":1,"minecraft:chainmail_chestplate":1,"minecraft:stick":25,"iceandfire:copper_ingot":7,"minecraft:shield":1,"minecraft:dark_oak_wood":1,"iceandfire:silver_ingot":7,"minecraft:yellow_bed":1,"minecraft:gold_nugget":18,"minecraft:magma_block":1,"iceandfire:manuscript":3},"minecraft:killed":{"alexsmobs:raccoon":1,"minecraft:spider":1,"minecraft:iron_golem":1,"minecraft:phantom":3,"minecraft:skeleton":4,"minecraft:pillager":1,"alexsmobs:crocodile":1},"minecraft:killed_by":{"minecraft:player":1,"minecraft:skeleton":2},"minecraft:mined":{"minecraft:dark_oak_planks":12,"minecraft:spruce_planks":11,"iceandfire:copper_pile":2,"minecraft:crafting_table":1,"minecraft:torch":1,"minecraft:dark_oak_wood":1,"minecraft:grass_block":3,"minecraft:chest":1,"iceandfire:lectern":3,"minecraft:damaged_anvil":1,"minecraft:wall_torch":1,"minecraft:spawner":6,"minecraft:hay_block":8,"minecraft:cyan_wool":6,"minecraft:red_terracotta":5,"minecraft:magma_block":1,"minecraft:carrots":12,"minecraft:wheat":10,"minecraft:birch_leaves":43,"minecraft:yellow_bed":3,"minecraft:grass":1,"minecraft:bookshelf":12,"minecraft:potatoes":3,"minecraft:oak_log":7,"iceandfire:silver_pile":3,"iceandfire:gold_pile":3,"minecraft:beetroots":1,"minecraft:dirt":3,"minecraft:stone_bricks":1,"minecraft:polished_andesite":1},"minecraft:used":{"iceandfire:lectern":2,"minecraft:damaged_anvil":1,"minecraft:stone_sword":2,"minecraft:stone_shovel":6,"minecraft:stone_pickaxe":16,"minecraft:spruce_planks":2,"minecraft:chest":1,"minecraft:shield":23,"minecraft:iron_sword":8,"minecraft:torch":17,"minecraft:dirt":3,"minecraft:crafting_table":2,"minecraft:carrot":3,"minecraft:dark_oak_planks":4,"epicfight:iron_greatsword":61,"minecraft:iron_axe":45,"minecraft:bread":1,"minecraft:iron_pickaxe":28,"minecraft:stone_axe":16,"minecraft:yellow_bed":2,"minecraft:cooked_beef":10,"minecraft:experience_bottle":7},"minecraft:picked_up":{"iceandfire:copper_ingot":7,"minecraft:magma_block":1,"minecraft:crafting_table":1,"minecraft:wheat":6,"minecraft:cooked_beef":10,"minecraft:chainmail_boots":1,"minecraft:potato":3,"minecraft:filled_map":1,"minecraft:oak_log":7,"minecraft:chainmail_chestplate":1,"minecraft:lily_pad":1,"minecraft:yellow_bed":3,"minecraft:string":2,"minecraft:dirt":6,"minecraft:iron_leggings":1,"minecraft:bone":5,"minecraft:apple":1,"minecraft:beetroot":1,"epicfight:iron_greatsword":2,"iceandfire:bestiary":2,"minecraft:wheat_seeds":23,"minecraft:gold_nugget":18,"minecraft:spruce_planks":34,"minecraft:iron_ingot":13,"minecraft:poppy":2,"minecraft:chest":1,"minecraft:birch_sapling":2,"minecraft:phantom_membrane":3,"minecraft:book":42,"minecraft:stick":25,"iceandfire:copper_nugget":14,"minecraft:torch":21,"minecraft:carrot":19,"alexsmobs:crocodile_scute":2,"minecraft:arrow":1,"minecraft:dark_oak_planks":6,"iceandfire:silver_ingot":1,"minecraft:beetroot_seeds":3,"iceandfire:lectern":3,"minecraft:chainmail_leggings":1,"minecraft:iron_helmet":2,"minecraft:hay_block":8,"minecraft:damaged_anvil":1,"minecraft:dark_oak_wood":1,"iceandfire:silver_nugget":10,"minecraft:coal":25}},"DataVersion":2586}