{"stats":{"minecraft:dropped":{"minecraft:jukebox":1,"minecraft:birch_sapling":2,"minecraft:iron_helmet":1,"minecraft:apple":4,"minecraft:ender_eye":1,"iceandfire:copper_ore":2,"minecraft:chainmail_chestplate":1,"minecraft:stick":25,"minecraft:filled_map":1,"iceandfire:copper_ingot":14,"minecraft:shield":1,"minecraft:dark_oak_wood":1,"minecraft:yellow_bed":1,"iceandfire:silver_ingot":7,"minecraft:gold_nugget":18,"minecraft:iron_pickaxe":2,"minecraft:magma_block":1,"iceandfire:manuscript":3},"minecraft:crafted":{"minecraft:oak_planks":28,"minecraft:crafting_table":1,"minecraft:iron_chestplate":1,"minecraft:gold_nugget":18,"minecraft:shield":2,"minecraft:iron_axe":1,"minecraft:stick":8,"minecraft:gold_ingot":2,"minecraft:iron_leggings":1},"minecraft:picked_up":{"iceandfire:copper_ingot":7,"minecraft:enchanting_table":1,"minecraft:crafting_table":1,"minecraft:magma_block":1,"minecraft:wheat":6,"minecraft:cooked_beef":10,"minecraft:chainmail_boots":1,"iceandfire:copper_ore":2,"minecraft:potato":3,"minecraft:filled_map":2,"minecraft:oak_log":7,"minecraft:chainmail_chestplate":1,"minecraft:lily_pad":1,"minecraft:yellow_bed":3,"minecraft:dirt":6,"minecraft:string":2,"minecraft:iron_leggings":1,"minecraft:bone":9,"minecraft:beetroot":1,"minecraft:apple":1,"epicfight:iron_greatsword":2,"iceandfire:bestiary":2,"minecraft:wheat_seeds":23,"minecraft:gold_nugget":18,"minecraft:spruce_planks":40,"minecraft:iron_ingot":13,"minecraft:iron_pickaxe":2,"minecraft:poppy":2,"minecraft:chest":1,"minecraft:birch_sapling":2,"minecraft:phantom_membrane":4,"minecraft:book":42,"minecraft:stick":25,"iceandfire:copper_nugget":14,"minecraft:jukebox":1,"minecraft:torch":22,"minecraft:carrot":19,"alexsmobs:crocodile_scute":2,"minecraft:dark_oak_planks":6,"iceandfire:silver_ingot":1,"minecraft:arrow":5,"minecraft:beetroot_seeds":3,"iceandfire:lectern":3,"minecraft:chainmail_leggings":1,"minecraft:hay_block":10,"minecraft:iron_helmet":2,"minecraft:damaged_anvil":1,"minecraft:dark_oak_wood":1,"iceandfire:silver_nugget":10,"minecraft:coal":25},"minecraft:mined":{"minecraft:dark_oak_planks":12,"minecraft:spruce_planks":14,"minecraft:red_wool":1,"iceandfire:copper_pile":2,"minecraft:crafting_table":1,"minecraft:torch":2,"minecraft:dark_oak_wood":1,"minecraft:grass_block":3,"minecraft:chest":1,"minecraft:andesite_slab":1,"iceandfire:lectern":3,"minecraft:oak_planks":5,"minecraft:damaged_anvil":1,"minecraft:wall_torch":1,"minecraft:spawner":13,"minecraft:hay_block":10,"minecraft:cyan_wool":6,"minecraft:red_terracotta":5,"minecraft:magma_block":1,"iceandfire:copper_ore":1,"minecraft:carrots":12,"minecraft:wheat":10,"minecraft:jukebox":1,"minecraft:birch_leaves":44,"minecraft:granite_slab":19,"minecraft:yellow_bed":3,"minecraft:enchanting_table":1,"minecraft:grass":1,"minecraft:potatoes":3,"minecraft:bookshelf":12,"iceandfire:silver_pile":3,"minecraft:oak_log":7,"iceandfire:gold_pile":3,"minecraft:beetroots":1,"minecraft:oak_stairs":1,"minecraft:dirt":3,"minecraft:cracked_stone_bricks":2,"minecraft:stone":3,"minecraft:stone_bricks":1,"minecraft:polished_andesite":19,"minecraft:mossy_stone_bricks":1},"minecraft:custom":{"minecraft:interact_with_furnace":2,"minecraft:interact_with_anvil":6,"minecraft:mob_kills":29,"minecraft:interact_with_cartography_table":1,"minecraft:interact_with_crafting_table":18,"minecraft:open_barrel":34,"minecraft:play_one_minute":124153,"minecraft:leave_game":3,"minecraft:time_since_death":3315,"minecraft:sleep_in_bed":3,"minecraft:climb_one_cm":12226,"minecraft:time_since_rest":3449,"minecraft:sprint_one_cm":181179,"minecraft:damage_taken":3514,"minecraft:walk_one_cm":284984,"minecraft:drop":22,"minecraft:damage_dealt":4596,"minecraft:talked_to_villager":5,"minecraft:fly_one_cm":63851,"minecraft:player_kills":2,"minecraft:crouch_one_cm":3820,"minecraft:open_chest":48,"minecraft:deaths":23,"minecraft:sneak_time":1293,"minecraft:walk_under_water_one_cm":4197,"minecraft:interact_with_lectern":4,"minecraft:jump":563,"minecraft:walk_on_water_one_cm":5746,"minecraft:fall_one_cm":17547},"minecraft:killed":{"alexsmobs:raccoon":1,"minecraft:spider":1,"minecraft:iron_golem":1,"minecraft:phantom":6,"minecraft:skeleton":9,"minecraft:pillager":1,"minecraft:zombie":1,"alexsmobs:crocodile":1},"minecraft:killed_by":{"mowziesmobs:ferrous_wroughtnaut":12,"minecraft:player":3,"minecraft:skeleton":3,"minecraft:creeper":3},"minecraft:used":{"iceandfire:lectern":2,"minecraft:damaged_anvil":1,"minecraft:stone_sword":2,"minecraft:stone_shovel":6,"minecraft:stone_pickaxe":16,"minecraft:chest":1,"minecraft:ender_pearl":2,"minecraft:spruce_planks":28,"minecraft:shield":23,"minecraft:iron_sword":14,"minecraft:torch":22,"minecraft:dirt":3,"minecraft:crafting_table":2,"minecraft:carrot":3,"minecraft:dark_oak_planks":4,"epicfight:iron_greatsword":101,"minecraft:iron_axe":56,"minecraft:bread":26,"minecraft:iron_pickaxe":82,"minecraft:stone_axe":16,"minecraft:bow":1,"minecraft:hay_block":2,"minecraft:yellow_bed":2,"minecraft:cooked_beef":10,"minecraft:experience_bottle":7}},"DataVersion":2586}