{"stats":{"minecraft:dropped":{"minecraft:jukebox":1,"minecraft:birch_sapling":2,"minecraft:iron_helmet":1,"minecraft:apple":4,"minecraft:ender_eye":1,"minecraft:chainmail_chestplate":1,"minecraft:stick":25,"iceandfire:copper_ingot":7,"minecraft:shield":1,"minecraft:dark_oak_wood":1,"minecraft:yellow_bed":1,"iceandfire:silver_ingot":7,"minecraft:gold_nugget":18,"minecraft:magma_block":1,"iceandfire:manuscript":3},"minecraft:crafted":{"minecraft:oak_planks":28,"minecraft:crafting_table":1,"minecraft:iron_chestplate":1,"minecraft:gold_nugget":18,"minecraft:shield":2,"minecraft:iron_axe":1,"minecraft:stick":8,"minecraft:gold_ingot":2,"minecraft:iron_leggings":1},"minecraft:picked_up":{"iceandfire:copper_ingot":7,"minecraft:crafting_table":1,"minecraft:magma_block":1,"minecraft:wheat":6,"minecraft:cooked_beef":10,"minecraft:chainmail_boots":1,"minecraft:potato":3,"minecraft:filled_map":1,"minecraft:oak_log":7,"minecraft:chainmail_chestplate":1,"minecraft:lily_pad":1,"minecraft:yellow_bed":3,"minecraft:dirt":6,"minecraft:string":2,"minecraft:iron_leggings":1,"minecraft:bone":9,"minecraft:beetroot":1,"minecraft:apple":1,"epicfight:iron_greatsword":2,"iceandfire:bestiary":2,"minecraft:wheat_seeds":23,"minecraft:gold_nugget":18,"minecraft:spruce_planks":40,"minecraft:iron_ingot":13,"minecraft:poppy":2,"minecraft:chest":1,"minecraft:birch_sapling":2,"minecraft:phantom_membrane":4,"minecraft:book":42,"minecraft:stick":25,"iceandfire:copper_nugget":14,"minecraft:jukebox":1,"minecraft:torch":21,"minecraft:carrot":19,"alexsmobs:crocodile_scute":2,"minecraft:dark_oak_planks":6,"iceandfire:silver_ingot":1,"minecraft:arrow":3,"minecraft:beetroot_seeds":3,"iceandfire:lectern":3,"minecraft:chainmail_leggings":1,"minecraft:hay_block":8,"minecraft:iron_helmet":2,"minecraft:damaged_anvil":1,"minecraft:dark_oak_wood":1,"iceandfire:silver_nugget":10,"minecraft:coal":25},"minecraft:mined":{"minecraft:dark_oak_planks":12,"minecraft:spruce_planks":14,"iceandfire:copper_pile":2,"minecraft:crafting_table":1,"minecraft:torch":1,"minecraft:dark_oak_wood":1,"minecraft:grass_block":3,"minecraft:chest":1,"minecraft:andesite_slab":1,"iceandfire:lectern":3,"minecraft:damaged_anvil":1,"minecraft:wall_torch":1,"minecraft:spawner":9,"minecraft:hay_block":8,"minecraft:cyan_wool":6,"minecraft:red_terracotta":5,"minecraft:magma_block":1,"minecraft:carrots":12,"minecraft:wheat":10,"minecraft:jukebox":1,"minecraft:birch_leaves":44,"minecraft:granite_slab":19,"minecraft:yellow_bed":3,"minecraft:grass":1,"minecraft:potatoes":3,"minecraft:bookshelf":12,"iceandfire:silver_pile":3,"minecraft:oak_log":7,"iceandfire:gold_pile":3,"minecraft:beetroots":1,"minecraft:dirt":3,"minecraft:stone_bricks":1,"minecraft:polished_andesite":19},"minecraft:custom":{"minecraft:interact_with_furnace":2,"minecraft:interact_with_anvil":6,"minecraft:mob_kills":19,"minecraft:interact_with_crafting_table":17,"minecraft:open_barrel":34,"minecraft:play_one_minute":112153,"minecraft:leave_game":3,"minecraft:time_since_death":4874,"minecraft:sleep_in_bed":3,"minecraft:climb_one_cm":12226,"minecraft:time_since_rest":5053,"minecraft:sprint_one_cm":170196,"minecraft:damage_taken":3211,"minecraft:walk_one_cm":247991,"minecraft:drop":16,"minecraft:damage_dealt":3989,"minecraft:talked_to_villager":5,"minecraft:fly_one_cm":62449,"minecraft:player_kills":2,"minecraft:crouch_one_cm":1943,"minecraft:open_chest":44,"minecraft:deaths":21,"minecraft:sneak_time":857,"minecraft:walk_under_water_one_cm":4197,"minecraft:jump":543,"minecraft:walk_on_water_one_cm":5746,"minecraft:fall_one_cm":16603},"minecraft:killed":{"alexsmobs:raccoon":1,"minecraft:spider":1,"minecraft:iron_golem":1,"minecraft:phantom":6,"minecraft:skeleton":6,"minecraft:pillager":1,"alexsmobs:crocodile":1},"minecraft:killed_by":{"mowziesmobs:ferrous_wroughtnaut":12,"minecraft:player":3,"minecraft:skeleton":3,"minecraft:creeper":1},"minecraft:used":{"iceandfire:lectern":2,"minecraft:damaged_anvil":1,"minecraft:stone_sword":2,"minecraft:stone_shovel":6,"minecraft:stone_pickaxe":16,"minecraft:chest":1,"minecraft:ender_pearl":2,"minecraft:spruce_planks":28,"minecraft:shield":23,"minecraft:iron_sword":14,"minecraft:torch":18,"minecraft:dirt":3,"minecraft:crafting_table":2,"minecraft:carrot":3,"minecraft:dark_oak_planks":4,"epicfight:iron_greatsword":78,"minecraft:iron_axe":49,"minecraft:bread":15,"minecraft:iron_pickaxe":69,"minecraft:stone_axe":16,"minecraft:bow":1,"minecraft:yellow_bed":2,"minecraft:cooked_beef":10,"minecraft:experience_bottle":7}},"DataVersion":2586}