{"stats":{"minecraft:crafted":{"minecraft:oak_planks":28,"minecraft:crafting_table":1,"minecraft:gold_nugget":18,"minecraft:iron_axe":1,"minecraft:stick":8,"minecraft:gold_ingot":2},"minecraft:custom":{"minecraft:interact_with_furnace":2,"minecraft:interact_with_anvil":1,"minecraft:mob_kills":4,"minecraft:interact_with_crafting_table":10,"minecraft:open_barrel":11,"minecraft:play_one_minute":55685,"minecraft:leave_game":1,"minecraft:time_since_death":52529,"minecraft:sleep_in_bed":3,"minecraft:climb_one_cm":5568,"minecraft:time_since_rest":3840,"minecraft:sprint_one_cm":114887,"minecraft:damage_taken":169,"minecraft:walk_one_cm":125290,"minecraft:drop":9,"minecraft:damage_dealt":1350,"minecraft:talked_to_villager":5,"minecraft:fly_one_cm":52564,"minecraft:player_kills":1,"minecraft:open_chest":28,"minecraft:crouch_one_cm":386,"minecraft:deaths":1,"minecraft:sneak_time":272,"minecraft:walk_under_water_one_cm":2325,"minecraft:jump":370,"minecraft:walk_on_water_one_cm":4601,"minecraft:fall_one_cm":6459},"minecraft:dropped":{"minecraft:birch_sapling":2,"minecraft:stick":25,"iceandfire:copper_ingot":7,"iceandfire:silver_ingot":7,"minecraft:yellow_bed":1,"minecraft:gold_nugget":18,"minecraft:magma_block":1,"iceandfire:manuscript":3},"minecraft:killed":{"alexsmobs:raccoon":1,"minecraft:iron_golem":1,"minecraft:pillager":1,"alexsmobs:crocodile":1},"minecraft:mined":{"minecraft:dark_oak_planks":12,"minecraft:spruce_planks":9,"iceandfire:copper_pile":2,"minecraft:crafting_table":1,"minecraft:torch":1,"minecraft:dark_oak_wood":1,"minecraft:grass_block":3,"minecraft:chest":1,"iceandfire:lectern":3,"minecraft:damaged_anvil":1,"minecraft:wall_torch":1,"minecraft:spawner":3,"minecraft:hay_block":8,"minecraft:cyan_wool":6,"minecraft:magma_block":1,"minecraft:carrots":12,"minecraft:wheat":10,"minecraft:birch_leaves":25,"minecraft:yellow_bed":3,"minecraft:grass":1,"minecraft:bookshelf":12,"minecraft:potatoes":3,"minecraft:oak_log":7,"iceandfire:silver_pile":3,"iceandfire:gold_pile":3,"minecraft:beetroots":1,"minecraft:dirt":3,"minecraft:stone_bricks":1,"minecraft:polished_andesite":1},"minecraft:used":{"iceandfire:lectern":2,"minecraft:stone_sword":2,"minecraft:stone_shovel":6,"minecraft:stone_pickaxe":16,"minecraft:chest":1,"minecraft:torch":14,"minecraft:dirt":3,"minecraft:crafting_table":2,"minecraft:dark_oak_planks":4,"epicfight:iron_greatsword":45,"minecraft:iron_axe":43,"minecraft:iron_pickaxe":19,"minecraft:stone_axe":16,"minecraft:yellow_bed":2,"minecraft:cooked_beef":4,"minecraft:experience_bottle":7},"minecraft:picked_up":{"iceandfire:copper_ingot":7,"minecraft:magma_block":1,"minecraft:crafting_table":1,"minecraft:wheat":6,"minecraft:cooked_beef":10,"minecraft:chainmail_boots":1,"minecraft:potato":3,"minecraft:filled_map":1,"minecraft:oak_log":7,"minecraft:chainmail_chestplate":1,"minecraft:lily_pad":1,"minecraft:yellow_bed":3,"minecraft:dirt":6,"minecraft:iron_leggings":1,"minecraft:apple":1,"minecraft:beetroot":1,"epicfight:iron_greatsword":2,"iceandfire:bestiary":2,"minecraft:wheat_seeds":23,"minecraft:gold_nugget":18,"minecraft:iron_ingot":3,"minecraft:poppy":2,"minecraft:chest":1,"minecraft:birch_sapling":2,"minecraft:book":42,"minecraft:stick":25,"iceandfire:copper_nugget":14,"minecraft:torch":21,"minecraft:carrot":19,"alexsmobs:crocodile_scute":2,"minecraft:dark_oak_planks":6,"iceandfire:silver_ingot":1,"minecraft:beetroot_seeds":3,"iceandfire:lectern":3,"minecraft:chainmail_leggings":1,"minecraft:iron_helmet":1,"minecraft:hay_block":8,"minecraft:damaged_anvil":1,"iceandfire:silver_nugget":10,"minecraft:coal":25}},"DataVersion":2586}